Date ,Time ,Uncorrected Out (cm/hr),Uncorrected In (cm/hr),Corrected Out (cm/hr),Corrected In (cm/hr),Sap Flow Out (kg/hr),Sap Flow In (kg/hr),Max Td Out (°C),Max Tu Out (°C),Rise Td Out (°C),Rise Tu Out (°C),Ratio Out,Max Td In (°C),Max Tu In (°C),Rise Td In (°C),Rise Tu In (°C),Ratio In,Pulse Duration (s),Internal Battery Voltage (V),Internal Battery Temperature (°C),External Power Supply Present,External Power Supply Voltage (V),External Power Supply Current (mA),Diagnostic Message
23/02/2026,00:00:00,1.073,0.452,3.583,2.511,0.035,0.025,10.404,10.415,1.123,1.058,1.061,10.463,10.51,0.989,0.965,1.025,4.02,4.19,7.5,present ,23.78,30.3,
23/02/2026,00:30:00,0.73,0.301,2.991,2.248,0.029,0.022,10.05,10.091,1.111,1.067,1.041,10.112,10.177,0.988,0.972,1.016,4.02,4.19,6.8,present ,23.78,30.6,
23/02/2026,01:00:00,0.837,0.357,3.176,2.346,0.031,0.023,9.85,9.881,1.118,1.068,1.047,9.876,9.94,0.991,0.972,1.02,4.02,4.19,6.9,present ,23.78,30.6,
23/02/2026,01:30:00,1.423,0.687,4.188,2.915,0.041,0.029,9.789,9.783,1.139,1.052,1.082,9.777,9.823,1.001,0.964,1.038,4.02,4.19,7,present ,23.78,30.6,
23/02/2026,02:00:00,1.981,0.963,5.152,3.393,0.051,0.033,9.751,9.71,1.155,1.035,1.116,9.734,9.762,1.01,0.958,1.054,4.02,4.19,7.1,present ,23.78,30.6,
23/02/2026,02:30:00,2.877,1.474,6.7,4.277,0.067,0.042,9.737,9.621,1.182,1.008,1.173,9.694,9.692,1.023,0.943,1.085,4.02,4.19,7.3,present ,23.78,30.9,
23/02/2026,03:00:00,3.903,1.971,8.475,5.134,0.084,0.051,9.744,9.546,1.212,0.976,1.242,9.683,9.649,1.039,0.932,1.115,4.02,4.19,7.1,present ,23.78,30.6,
23/02/2026,03:30:00,3.276,1.67,7.391,4.615,0.073,0.046,9.758,9.598,1.194,0.996,1.199,9.728,9.703,1.03,0.939,1.097,4.02,4.19,7.4,present ,23.78,30.9,
23/02/2026,04:00:00,2.108,1.02,5.372,3.491,0.053,0.034,9.756,9.68,1.158,1.031,1.124,9.791,9.797,1.01,0.955,1.058,4.02,4.19,7.3,present ,23.78,30.6,
23/02/2026,04:30:00,2.162,1.079,5.465,3.594,0.054,0.035,9.734,9.652,1.163,1.032,1.127,9.767,9.77,1.012,0.954,1.061,4.02,4.19,7,present ,23.78,31.2,
23/02/2026,05:00:00,1.954,0.938,5.106,3.35,0.051,0.033,9.721,9.642,1.155,1.036,1.114,9.728,9.734,1.008,0.957,1.053,4.02,4.19,6.8,present ,23.74,30.6,
23/02/2026,05:30:00,2.308,1.153,5.717,3.721,0.057,0.037,9.764,9.663,1.167,1.027,1.136,9.743,9.739,1.015,0.953,1.066,4.02,4.19,7,present ,23.78,30.6,
23/02/2026,06:00:00,1.72,0.773,4.701,3.064,0.047,0.03,9.732,9.676,1.148,1.044,1.1,9.753,9.767,1.003,0.962,1.043,4.02,4.19,6.8,present ,23.75,30.9,
23/02/2026,06:30:00,2.054,1.009,5.279,3.472,0.052,0.034,9.562,9.49,1.16,1.035,1.12,9.597,9.606,1.011,0.957,1.057,4.02,4.2,6.5,present ,23.75,30.9,
23/02/2026,07:00:00,2.288,1.139,5.682,3.698,0.056,0.036,9.475,9.384,1.165,1.026,1.135,9.477,9.482,1.015,0.954,1.065,4.02,4.19,6.6,present ,23.78,30.9,
23/02/2026,07:30:00,2.655,1.352,6.318,4.065,0.063,0.04,9.427,9.304,1.179,1.018,1.158,9.384,9.377,1.022,0.949,1.078,4.02,4.19,6.4,present ,23.75,30.9,
23/02/2026,08:00:00,3.518,1.803,7.81,4.845,0.078,0.048,9.55,9.356,1.205,0.991,1.215,9.44,9.404,1.035,0.938,1.105,4.02,4.19,6.8,present ,23.74,30.6,
23/02/2026,08:30:00,4.563,2.442,9.615,5.949,0.096,0.059,9.712,9.427,1.234,0.958,1.288,9.566,9.496,1.052,0.919,1.145,4.02,4.19,6.9,present ,23.75,31.2,
23/02/2026,09:00:00,5.417,2.885,11.091,6.715,0.11,0.067,9.955,9.599,1.258,0.931,1.351,9.76,9.658,1.064,0.908,1.173,4.02,4.19,7.5,present ,23.74,30.3,
23/02/2026,09:30:00,6.585,3.637,13.109,8.014,0.131,0.08,10.446,9.983,1.289,0.895,1.441,10.145,9.996,1.087,0.889,1.223,4.02,4.19,8.1,present ,23.78,30.6,
23/02/2026,10:00:00,7.672,4.17,14.988,8.936,0.149,0.089,10.919,10.367,1.312,0.857,1.531,10.61,10.416,1.1,0.874,1.26,4.02,4.19,8.6,present ,23.75,30.9,
23/02/2026,10:30:00,9.687,5.521,18.471,11.271,0.184,0.112,11.691,10.933,1.352,0.79,1.712,11.242,10.959,1.138,0.839,1.359,4.02,4.19,9.7,present ,23.78,30.6,
23/02/2026,11:00:00,12.292,7.453,22.972,14.61,0.229,0.146,13.173,12.085,1.386,0.7,1.979,12.574,12.137,1.193,0.79,1.512,4.02,4.19,12,present ,23.78,31.2,
23/02/2026,11:30:00,12.945,8.137,24.101,15.792,0.241,0.157,14.138,12.964,1.381,0.672,2.052,13.784,13.289,1.198,0.764,1.571,4.02,4.2,12.9,present ,23.82,30.6,
23/02/2026,12:00:00,12.555,7.632,23.427,14.918,0.234,0.149,14.517,13.44,1.365,0.679,2.008,14.554,14.098,1.165,0.764,1.528,4.02,4.2,12.2,present ,23.78,30.6,
23/02/2026,12:30:00,11.277,6.67,21.219,13.256,0.212,0.132,14.018,13.078,1.36,0.727,1.871,13.899,13.467,1.14,0.788,1.448,4.02,4.2,11.5,present ,23.75,31.2,
23/02/2026,13:00:00,11.461,6.986,21.536,13.803,0.215,0.138,14.157,13.196,1.371,0.725,1.89,13.819,13.41,1.161,0.789,1.474,4.02,4.2,12.2,present ,23.82,30.9,
23/02/2026,13:30:00,12.242,7.595,22.886,14.854,0.228,0.148,14.643,13.613,1.374,0.696,1.974,14.35,13.923,1.172,0.77,1.524,4.02,4.2,12.9,present ,23.78,30.9,
23/02/2026,14:00:00,12.292,7.58,22.973,14.83,0.229,0.148,14.786,13.778,1.377,0.695,1.979,14.646,14.228,1.161,0.764,1.523,4.02,4.2,12.7,present ,23.78,30.6,
23/02/2026,14:30:00,11.725,7.108,21.993,14.014,0.219,0.14,14.506,13.523,1.363,0.711,1.918,14.293,13.858,1.153,0.778,1.484,4.02,4.2,11.9,present ,23.78,30.6,
23/02/2026,15:00:00,11.068,6.623,20.857,13.175,0.208,0.131,14.158,13.255,1.364,0.737,1.849,13.908,13.498,1.141,0.791,1.444,4.02,4.2,11.8,present ,23.82,30.9,
23/02/2026,15:30:00,10.595,6.211,20.041,12.462,0.2,0.124,13.877,13.025,1.354,0.752,1.801,13.625,13.242,1.133,0.804,1.412,4.02,4.2,11.4,present ,23.78,30.6,
23/02/2026,16:00:00,9.519,5.383,18.18,11.031,0.181,0.11,13.444,12.715,1.337,0.788,1.696,13.243,12.926,1.114,0.827,1.348,4.02,4.19,10.9,present ,23.78,30.6,
23/02/2026,16:30:00,7.919,4.351,15.415,9.248,0.154,0.092,13.024,12.448,1.304,0.84,1.552,12.891,12.644,1.088,0.855,1.273,4.02,4.19,10.3,present ,23.78,30.6,
23/02/2026,17:00:00,6.889,3.769,13.635,8.243,0.136,0.082,12.705,12.22,1.281,0.874,1.466,12.601,12.402,1.075,0.873,1.232,4.02,4.2,9.7,present ,23.78,30.9,
23/02/2026,17:30:00,5.896,3.187,11.918,7.236,0.119,0.072,12.379,11.983,1.256,0.906,1.387,12.312,12.16,1.059,0.888,1.193,4.02,4.19,9.2,present ,23.75,31.5,
23/02/2026,18:00:00,4.706,2.455,9.862,5.972,0.098,0.059,12.125,11.829,1.228,0.946,1.298,12.066,11.963,1.042,0.91,1.146,4.02,4.2,9,present ,23.78,31.2,
23/02/2026,18:30:00,4.13,2.196,8.867,5.523,0.088,0.055,11.959,11.712,1.211,0.963,1.257,11.904,11.827,1.037,0.919,1.129,4.02,4.2,9.1,present ,23.78,30.9,
23/02/2026,19:00:00,4.331,2.273,9.213,5.658,0.092,0.056,11.89,11.632,1.218,0.958,1.272,11.804,11.726,1.039,0.917,1.134,4.02,4.2,8.89,present ,23.78,30.9,
23/02/2026,19:30:00,4.536,2.385,9.568,5.851,0.095,0.058,11.898,11.625,1.225,0.953,1.286,11.79,11.708,1.043,0.914,1.141,4.02,4.19,9.2,present ,23.74,30.6,
23/02/2026,20:00:00,4.393,2.267,9.321,5.648,0.093,0.056,11.923,11.66,1.218,0.955,1.276,11.811,11.736,1.04,0.918,1.134,4.02,4.19,9.1,present ,23.78,30.6,
23/02/2026,20:30:00,3.593,1.847,7.939,4.92,0.079,0.049,11.813,11.615,1.199,0.982,1.22,11.749,11.702,1.027,0.928,1.108,4.02,4.19,8.89,present ,23.78,30.9,
23/02/2026,21:00:00,1.894,0.819,5.002,3.143,0.05,0.031,11.615,11.55,1.147,1.033,1.11,11.635,11.647,0.999,0.955,1.046,4.02,4.19,8.89,present ,23.75,30.9,
23/02/2026,21:30:00,1.138,0.501,3.695,2.594,0.036,0.025,11.385,11.381,1.126,1.057,1.065,11.42,11.461,0.989,0.963,1.028,4.02,4.19,8.5,present ,23.78,30.9,
23/02/2026,22:00:00,0.904,0.298,3.29,2.244,0.032,0.022,11.19,11.213,1.119,1.064,1.051,11.208,11.266,0.985,0.97,1.016,4.02,4.19,8.2,present ,23.78,30.6,
23/02/2026,22:30:00,0.801,0.287,3.113,2.225,0.031,0.022,11.06,11.086,1.117,1.069,1.045,11.056,11.118,0.987,0.972,1.016,4.02,4.19,8.2,present ,23.78,30.9,
23/02/2026,23:00:00,0.875,0.348,3.241,2.33,0.032,0.023,10.963,10.985,1.12,1.067,1.049,10.957,11.017,0.988,0.97,1.019,4.02,4.19,8.1,present ,23.78,30.6,
23/02/2026,23:30:00,1.099,0.439,3.629,2.487,0.036,0.024,10.888,10.891,1.127,1.06,1.063,10.863,10.916,0.991,0.968,1.024,4.02,4.19,8.2,present ,23.74,30.6,
24/02/2026,00:00:00,1.496,0.701,4.314,2.94,0.043,0.029,10.876,10.851,1.14,1.049,1.086,10.817,10.856,0.998,0.961,1.039,4.02,4.19,8.2,present ,23.75,31.2,
24/02/2026,00:30:00,2.288,1.144,5.683,3.705,0.056,0.037,10.948,10.858,1.165,1.026,1.135,10.837,10.847,1.012,0.95,1.065,4.02,4.19,8.3,present ,23.78,30.6,
24/02/2026,01:00:00,3.352,1.731,7.521,4.72,0.075,0.047,11.094,10.916,1.194,0.991,1.204,10.954,10.929,1.028,0.935,1.1,4.02,4.19,8.6,present ,23.75,31.2,
24/02/2026,01:30:00,3.483,1.738,7.749,4.732,0.077,0.047,11.158,10.974,1.198,0.987,1.213,11.048,11.02,1.027,0.933,1.101,4.02,4.19,8.5,present ,23.78,30.6,
24/02/2026,02:00:00,2.926,1.502,6.786,4.325,0.067,0.043,11.199,11.048,1.181,1.004,1.176,11.09,11.07,1.021,0.94,1.087,4.02,4.19,8.5,present ,23.75,31.2,
24/02/2026,02:30:00,3.09,1.581,7.069,4.461,0.07,0.044,11.301,11.139,1.186,0.999,1.187,11.187,11.161,1.023,0.938,1.091,4.02,4.19,8.8,present ,23.74,30.6,
24/02/2026,03:00:00,3.802,1.949,8.3,5.096,0.083,0.05,11.447,11.227,1.206,0.977,1.235,11.312,11.26,1.033,0.928,1.114,4.02,4.19,8.7,present ,23.78,31.2,
24/02/2026,03:30:00,4.606,2.382,9.69,5.846,0.096,0.058,11.547,11.262,1.227,0.951,1.291,11.407,11.328,1.044,0.916,1.141,4.02,4.2,8.7,present ,23.78,30.6,
24/02/2026,04:00:00,3.952,2.044,8.559,5.262,0.085,0.052,11.573,11.335,1.212,0.973,1.245,11.456,11.393,1.034,0.924,1.12,4.02,4.19,8.89,present ,23.78,30.9,
24/02/2026,04:30:00,3.399,1.797,7.603,4.835,0.076,0.048,11.621,11.425,1.192,0.987,1.207,11.516,11.468,1.027,0.93,1.105,4.02,4.19,9,present ,23.78,30.6,
24/02/2026,05:00:00,3.765,1.96,8.236,5.116,0.082,0.051,11.724,11.502,1.204,0.977,1.232,11.606,11.547,1.033,0.927,1.115,4.02,4.19,9,present ,23.78,30.3,
24/02/2026,05:30:00,4.403,2.36,9.339,5.807,0.093,0.058,11.846,11.576,1.221,0.956,1.277,11.708,11.63,1.041,0.914,1.14,4.02,4.19,9.1,present ,23.78,30.9,
24/02/2026,06:00:00,4.021,2.043,8.678,5.259,0.086,0.052,11.863,11.622,1.211,0.969,1.25,11.762,11.695,1.033,0.923,1.12,4.02,4.19,9.3,present ,23.78,30.6,
24/02/2026,06:30:00,3.455,1.785,7.7,4.814,0.077,0.048,11.845,11.648,1.195,0.987,1.211,11.751,11.701,1.026,0.93,1.104,4.02,4.19,9.1,present ,23.78,30.9,
24/02/2026,07:00:00,3.848,2.002,8.38,5.188,0.083,0.051,11.962,11.733,1.207,0.975,1.238,11.834,11.769,1.033,0.925,1.117,4.02,4.19,9.2,present ,23.78,30.6,
24/02/2026,07:30:00,4.449,2.35,9.418,5.789,0.094,0.057,12.063,11.793,1.222,0.955,1.28,11.938,11.856,1.04,0.914,1.139,4.02,4.19,9.5,present ,23.79,31.5,
24/02/2026,08:00:00,5.678,3.022,11.542,6.952,0.115,0.069,12.179,11.808,1.256,0.916,1.37,12.01,11.889,1.06,0.897,1.182,4.02,4.2,9.5,present ,23.78,30.6,
24/02/2026,08:30:00,5.627,2.988,11.454,6.893,0.114,0.068,12.257,11.881,1.252,0.916,1.367,12.07,11.945,1.059,0.898,1.18,4.02,4.19,9.8,present ,23.78,30.6,
24/02/2026,09:00:00,5.855,3.157,11.848,7.185,0.118,0.071,12.404,12.012,1.26,0.91,1.384,12.199,12.063,1.062,0.892,1.191,4.02,4.19,9.89,present ,23.78,30.6,
24/02/2026,09:30:00,7.08,3.906,13.964,8.479,0.139,0.084,12.591,12.102,1.291,0.871,1.481,12.357,12.176,1.082,0.872,1.242,4.02,4.19,10.3,present ,23.78,30.6,
24/02/2026,10:00:00,8.474,4.68,16.374,9.818,0.163,0.098,12.789,12.175,1.324,0.827,1.601,12.482,12.252,1.102,0.851,1.296,4.02,4.2,10.4,present ,23.78,30.9,
24/02/2026,10:30:00,8.76,4.882,16.869,10.166,0.168,0.101,12.889,12.244,1.33,0.817,1.626,12.589,12.341,1.107,0.846,1.311,4.02,4.19,10.8,present ,23.78,30.9,
24/02/2026,11:00:00,9.07,5.12,17.405,10.577,0.174,0.105,13.077,12.38,1.337,0.808,1.655,12.69,12.414,1.115,0.84,1.329,4.02,4.2,11.1,present ,23.75,30.9,
24/02/2026,11:30:00,8.671,4.788,16.714,10.003,0.167,0.1,13.473,12.783,1.326,0.819,1.618,12.99,12.715,1.11,0.852,1.304,4.02,4.2,12.3,present ,23.78,30.9,
24/02/2026,12:00:00,10.395,6.079,19.695,12.235,0.196,0.122,13.827,12.985,1.357,0.762,1.781,13.32,12.97,1.137,0.813,1.401,4.02,4.19,12.4,present ,23.78,30.9,
24/02/2026,12:30:00,11.321,6.738,21.294,13.374,0.212,0.133,14.186,13.237,1.369,0.73,1.875,13.623,13.218,1.151,0.793,1.454,4.02,4.2,13.2,present ,23.78,30.9,
24/02/2026,13:00:00,11.812,7.115,22.143,14.026,0.221,0.14,14.445,13.43,1.373,0.712,1.927,13.851,13.41,1.159,0.782,1.484,4.02,4.2,13.7,present ,23.78,30.6,
24/02/2026,13:30:00,12.257,7.472,22.912,14.643,0.229,0.146,14.676,13.602,1.373,0.694,1.975,14.047,13.572,1.166,0.771,1.514,4.02,4.2,13.7,present ,23.78,30.9,
24/02/2026,14:00:00,11.521,6.878,21.64,13.615,0.216,0.136,14.591,13.594,1.367,0.721,1.896,14.077,13.63,1.15,0.786,1.465,4.02,4.2,13.6,present ,23.78,30.6,
24/02/2026,14:30:00,10.788,6.343,20.374,12.691,0.203,0.126,14.454,13.535,1.36,0.747,1.82,14.01,13.596,1.138,0.802,1.422,4.02,4.2,13.2,present ,23.78,30.6,
24/02/2026,15:00:00,10.057,5.843,19.111,11.827,0.191,0.118,14.386,13.535,1.346,0.77,1.748,13.987,13.602,1.126,0.815,1.383,4.02,4.2,13.3,present ,23.78,30.3,
24/02/2026,15:30:00,10.1,5.865,19.185,11.865,0.191,0.118,14.45,13.567,1.346,0.768,1.752,14.015,13.613,1.127,0.815,1.385,4.02,4.2,13.6,present ,23.78,30,
24/02/2026,16:00:00,9.428,5.346,18.023,10.968,0.18,0.109,14.339,13.539,1.334,0.79,1.688,13.96,13.591,1.113,0.829,1.345,4.02,4.2,13.5,present ,23.78,30.6,
24/02/2026,16:30:00,8.949,5.083,17.195,10.514,0.171,0.105,14.209,13.468,1.327,0.807,1.644,13.855,13.515,1.106,0.836,1.326,4.02,4.2,12.8,present ,23.78,30.6,
24/02/2026,17:00:00,7.949,4.459,15.466,9.435,0.154,0.094,14.144,13.498,1.303,0.838,1.555,13.811,13.518,1.091,0.853,1.281,4.02,4.2,12.8,present ,23.78,30.6,
24/02/2026,17:30:00,6.996,3.866,13.819,8.409,0.138,0.084,13.971,13.422,1.28,0.868,1.475,13.736,13.49,1.075,0.868,1.239,4.02,4.2,12.2,present ,23.78,31.2,
24/02/2026,18:00:00,6.437,3.538,12.854,7.844,0.128,0.078,13.631,13.16,1.265,0.885,1.429,13.52,13.309,1.064,0.875,1.217,4.02,4.2,12.2,present ,23.78,31.2,
24/02/2026,18:30:00,6.522,3.62,13.001,7.985,0.13,0.079,13.39,12.914,1.271,0.885,1.436,13.265,13.061,1.07,0.876,1.222,4.02,4.19,10.8,present ,23.78,30.6,
24/02/2026,19:00:00,5.5,2.936,11.235,6.803,0.112,0.068,13.007,12.632,1.244,0.917,1.357,12.969,12.811,1.05,0.893,1.177,4.02,4.2,10.3,present ,23.78,31.2,
24/02/2026,19:30:00,4.107,2.142,8.827,5.43,0.088,0.054,12.52,12.263,1.202,0.957,1.256,12.563,12.46,1.03,0.915,1.126,4.02,4.19,9.5,present ,23.78,31.2,
24/02/2026,20:00:00,1.86,0.877,4.944,3.245,0.049,0.032,11.517,11.454,1.136,1.025,1.108,11.804,11.783,0.993,0.946,1.049,4.02,4.19,7.7,present ,23.78,31.2,
24/02/2026,20:30:00,0.887,0.33,3.262,2.3,0.032,0.023,10.575,10.59,1.114,1.061,1.05,10.868,10.893,0.981,0.963,1.018,4.02,4.19,6.2,present ,23.74,30.3,
24/02/2026,21:00:00,0.752,0.208,3.029,2.089,0.03,0.02,9.807,9.852,1.115,1.069,1.042,10.061,10.106,0.98,0.969,1.011,4.02,4.19,5.4,present ,23.78,30.6,
24/02/2026,21:30:00,0.5,0.071,2.592,1.851,0.025,0.018,9.134,9.191,1.11,1.08,1.028,9.321,9.382,0.981,0.977,1.003,4.02,4.19,4.9,present ,23.74,30,
24/02/2026,22:00:00,0.473,0.081,2.546,1.868,0.025,0.018,8.583,8.653,1.111,1.083,1.026,8.741,8.813,0.984,0.98,1.004,4.02,4.19,4.3,present ,23.75,30.9,
24/02/2026,22:30:00,0.464,0.037,2.531,1.793,0.025,0.017,8.028,8.101,1.112,1.084,1.026,8.163,8.244,0.984,0.982,1.002,4.02,4.19,4.1,present ,23.74,30.3,
24/02/2026,23:00:00,0.471,0.006,2.543,1.738,0.025,0.017,7.464,7.549,1.115,1.087,1.026,7.617,7.706,0.985,0.986,1,4.02,4.19,3.6,present ,23.74,30.6,
24/02/2026,23:30:00,0.434,0.005,2.479,1.737,0.024,0.017,7.033,7.117,1.114,1.088,1.024,7.121,7.214,0.988,0.988,1,4.02,4.19,3.2,present ,23.74,30.3,
25/02/2026,00:00:00,0.396,0.077,2.413,1.862,0.024,0.018,6.585,6.675,1.118,1.094,1.022,6.691,6.792,0.99,0.987,1.004,4.02,4.19,2.9,present ,23.78,30.3,
25/02/2026,00:30:00,0.344,0.036,2.323,1.79,0.023,0.017,6.128,6.23,1.116,1.095,1.019,6.246,6.354,0.99,0.989,1.002,4.02,4.19,2.5,present ,23.74,30.6,
25/02/2026,01:00:00,0.294,-0.023,2.236,1.686,0.022,0.016,5.738,5.844,1.116,1.098,1.016,5.821,5.935,0.989,0.991,0.998,4.02,4.19,2.09,present ,23.74,30.6,
25/02/2026,01:30:00,0.411,0.003,2.438,1.734,0.024,0.017,5.487,5.586,1.119,1.094,1.023,5.547,5.659,0.991,0.992,1,4.02,4.19,2.09,present ,23.74,30.6,
25/02/2026,02:00:00,0.26,-0.044,2.178,1.652,0.021,0.016,5.228,5.334,1.118,1.102,1.014,5.276,5.393,0.99,0.993,0.997,4.02,4.19,1.9,present ,23.74,30,
25/02/2026,02:30:00,0.279,-0.051,2.211,1.64,0.022,0.016,5.032,5.137,1.117,1.1,1.015,5.068,5.185,0.993,0.996,0.997,4.02,4.19,1.7,present ,23.74,30.3,
25/02/2026,03:00:00,0.31,0.006,2.264,1.739,0.022,0.017,4.835,4.94,1.122,1.103,1.017,4.867,4.985,0.994,0.994,1,4.02,4.19,1.7,present ,23.74,30.6,
25/02/2026,03:30:00,0.2,-0.063,2.075,1.619,0.02,0.016,4.601,4.709,1.118,1.105,1.011,4.652,4.77,0.993,0.997,0.996,4.02,4.19,1.5,present ,23.74,30.3,
25/02/2026,04:00:00,0.183,-0.091,2.044,1.57,0.02,0.015,4.263,4.383,1.12,1.109,1.01,4.333,4.459,0.992,0.998,0.994,4.02,4.19,1,present ,23.74,30.3,
25/02/2026,04:30:00,0.079,-0.117,1.865,1.525,0.018,0.015,4.031,4.146,1.116,1.111,1.004,4.064,4.189,0.993,1,0.993,4.02,4.19,0.7,present ,23.74,30.3,
25/02/2026,05:00:00,0.188,-0.102,2.053,1.55,0.02,0.015,3.878,3.987,1.121,1.109,1.01,3.905,4.029,0.993,1,0.994,4.02,4.19,0.8,present ,23.74,30.6,
25/02/2026,05:30:00,0.212,-0.07,2.095,1.606,0.02,0.016,3.748,3.838,1.125,1.112,1.011,3.731,3.852,0.997,1.002,0.996,4.02,4.19,0.6,present ,23.74,30.6,
25/02/2026,06:00:00,0.261,-0.041,2.179,1.656,0.021,0.016,3.621,3.723,1.12,1.105,1.014,3.663,3.781,0.995,0.998,0.997,4.02,4.19,0.7,present ,23.74,30.3,
25/02/2026,06:30:00,0.141,-0.103,1.972,1.548,0.019,0.015,3.385,3.5,1.122,1.114,1.007,3.431,3.558,0.995,1.001,0.994,4.02,4.19,0.3,present ,23.74,30.3,
25/02/2026,07:00:00,0.203,-0.065,2.079,1.614,0.02,0.016,3.302,3.412,1.12,1.108,1.011,3.313,3.44,0.996,1,0.996,4.02,4.19,0.4,present ,23.74,30.3,
25/02/2026,07:30:00,0.078,-0.132,1.864,1.499,0.018,0.014,3.085,3.205,1.121,1.116,1.004,3.109,3.242,0.995,1.003,0.992,4.02,4.19,0.1,present ,23.74,30.6,
25/02/2026,08:00:00,0.05,-0.137,1.815,1.489,0.018,0.014,3.614,3.688,1.132,1.129,1.002,3.355,3.481,1.003,1.011,0.992,4.02,4.19,2,present ,23.74,30.6,
25/02/2026,08:30:00,0.183,-0.125,2.044,1.511,0.02,0.015,5.016,5.055,1.128,1.117,1.01,4.552,4.659,1.005,1.013,0.993,4.02,4.19,4.6,present ,23.75,30.9,
25/02/2026,09:00:00,0.183,-0.09,2.045,1.572,0.02,0.015,6.178,6.211,1.125,1.114,1.01,5.728,5.824,1.001,1.007,0.995,4.02,4.19,5.7,present ,23.75,30.9,
25/02/2026,09:30:00,0.164,-0.065,2.012,1.614,0.02,0.016,7.26,7.297,1.119,1.109,1.009,6.866,6.959,0.997,1.001,0.996,4.02,4.19,7.1,present ,23.74,30.6,
25/02/2026,10:00:00,0.184,-0.094,2.047,1.564,0.02,0.015,8.127,8.168,1.111,1.099,1.01,7.859,7.944,0.99,0.996,0.994,4.02,4.19,7.6,present ,23.78,30.6,
25/02/2026,10:30:00,0.227,0.031,2.12,1.782,0.021,0.017,8.686,8.724,1.111,1.097,1.012,8.456,8.54,0.987,0.986,1.001,4.02,4.19,7.8,present ,23.78,30.9,
25/02/2026,11:00:00,0.307,-0.046,2.259,1.647,0.022,0.016,9.113,9.142,1.11,1.092,1.017,8.915,8.995,0.985,0.988,0.997,4.02,4.19,8.1,present ,23.78,30.6,
25/02/2026,11:30:00,1.195,0.627,3.795,2.812,0.037,0.028,9.896,9.835,1.143,1.07,1.068,9.498,9.543,1.01,0.977,1.035,4.02,4.19,9.7,present ,23.78,30.9,
25/02/2026,12:00:00,4.084,2.616,8.787,6.25,0.087,0.062,11.24,10.964,1.223,0.974,1.254,11.036,11.016,1.068,0.924,1.156,4.02,4.2,11.3,present ,23.78,30.9,
25/02/2026,12:30:00,11.333,7.118,21.315,14.032,0.213,0.14,13.485,12.588,1.388,0.739,1.876,13.376,13.182,1.189,0.803,1.485,4.02,4.2,13.4,present ,23.78,30.9,
25/02/2026,13:00:00,15.086,10.919,27.801,20.6,0.278,0.206,15.413,13.95,1.342,0.579,2.312,15.529,14.993,1.241,0.679,1.834,4.02,4.2,14.7,present ,23.78,30.9,
25/02/2026,13:30:00,14.906,10.369,27.491,19.65,0.274,0.196,15.73,14.242,1.342,0.586,2.289,15.77,15.132,1.227,0.692,1.779,4.02,4.19,15,present ,23.82,30.6,
25/02/2026,14:00:00,14.089,9.492,26.079,18.134,0.26,0.181,15.954,14.562,1.36,0.621,2.187,16.245,15.609,1.202,0.712,1.694,4.02,4.2,15.2,present ,23.78,30.9,
25/02/2026,14:30:00,14.203,9.649,26.275,18.404,0.262,0.184,15.899,14.454,1.359,0.617,2.201,15.612,14.882,1.204,0.706,1.709,4.02,4.2,15.6,present ,23.78,31.2,
25/02/2026,15:00:00,13.99,9.41,25.908,17.992,0.259,0.179,15.558,14.15,1.366,0.627,2.175,14.954,14.267,1.207,0.717,1.686,4.02,4.2,15.5,present ,23.78,30.9,
25/02/2026,15:30:00,13.535,8.847,25.122,17.019,0.251,0.17,15.201,13.851,1.36,0.641,2.121,14.484,13.837,1.198,0.735,1.634,4.02,4.2,15.4,present ,23.78,30.9,
25/02/2026,16:00:00,12.126,7.419,22.686,14.551,0.226,0.145,14.79,13.698,1.377,0.702,1.961,14.199,13.676,1.166,0.774,1.51,4.02,4.2,15.1,present ,23.78,30.9,
25/02/2026,16:30:00,10.332,5.901,19.585,11.928,0.195,0.119,14.383,13.489,1.351,0.761,1.775,14.014,13.589,1.13,0.816,1.388,4.02,4.2,15.1,present ,23.82,30.6,
25/02/2026,17:00:00,6.03,3.16,12.151,7.19,0.121,0.071,13.388,12.953,1.254,0.897,1.397,13.495,13.286,1.057,0.888,1.191,4.02,4.19,11.7,present ,23.78,31.2,
25/02/2026,17:30:00,2.309,1.095,5.72,3.62,0.057,0.036,12.17,12.061,1.155,1.016,1.136,12.574,12.526,1.002,0.943,1.062,4.02,4.19,8.39,present ,23.75,30.9,
25/02/2026,18:00:00,1.566,0.628,4.436,2.814,0.044,0.028,11.448,11.405,1.141,1.047,1.09,11.71,11.714,0.993,0.96,1.035,4.02,4.19,7.5,present ,23.75,31.2,
25/02/2026,18:30:00,1.115,0.439,3.655,2.487,0.036,0.024,10.933,10.936,1.128,1.06,1.063,11.156,11.19,0.991,0.968,1.024,4.02,4.19,7.1,present ,23.78,30.9,
25/02/2026,19:00:00,0.845,0.285,3.189,2.221,0.031,0.022,10.533,10.559,1.122,1.071,1.048,10.687,10.743,0.987,0.972,1.015,4.02,4.19,7,present ,23.78,30.6,
25/02/2026,19:30:00,0.816,0.244,3.139,2.15,0.031,0.021,10.266,10.302,1.121,1.072,1.046,10.369,10.436,0.991,0.978,1.013,4.02,4.19,7,present ,23.78,30.9,
25/02/2026,20:00:00,0.61,0.143,2.783,1.976,0.027,0.019,9.985,10.038,1.117,1.08,1.034,10.108,10.188,0.986,0.979,1.008,4.02,4.19,6.7,present ,23.74,30.6,
25/02/2026,20:30:00,0.494,0.083,2.582,1.872,0.025,0.018,9.78,9.84,1.112,1.083,1.027,9.887,9.973,0.986,0.982,1.004,4.02,4.19,6.8,present ,23.78,30.6,
25/02/2026,21:00:00,0.551,0.068,2.68,1.845,0.026,0.018,9.585,9.649,1.117,1.084,1.031,9.678,9.767,0.987,0.984,1.003,4.02,4.19,6.6,present ,23.75,30.9,
25/02/2026,21:30:00,0.42,0.073,2.454,1.855,0.024,0.018,9.361,9.436,1.112,1.087,1.023,9.48,9.577,0.989,0.986,1.004,4.02,4.19,6.2,present ,23.75,30.9,
25/02/2026,22:00:00,0.371,0.045,2.369,1.806,0.023,0.018,9.132,9.21,1.112,1.09,1.02,9.263,9.364,0.988,0.986,1.002,4.02,4.19,6.1,present ,23.75,30.9,
25/02/2026,22:30:00,0.407,0,2.432,1.728,0.024,0.017,8.943,9.024,1.114,1.089,1.022,9.065,9.167,0.987,0.988,1,4.02,4.19,6,present ,23.74,30.6,
25/02/2026,23:00:00,0.382,-0.023,2.389,1.688,0.023,0.016,8.789,8.872,1.116,1.092,1.021,8.889,8.995,0.986,0.988,0.998,4.02,4.19,5.8,present ,23.74,30.6,
25/02/2026,23:30:00,0.408,0.004,2.433,1.735,0.024,0.017,8.712,8.795,1.116,1.091,1.022,8.769,8.875,0.989,0.989,1,4.02,4.19,5.8,present ,23.75,30.9,
26/02/2026,00:00:00,0.321,-0.001,2.284,1.726,0.022,0.017,8.603,8.687,1.111,1.092,1.018,8.645,8.751,0.989,0.989,0.999,4.02,4.19,5.8,present ,23.74,30.6,
26/02/2026,00:30:00,0.344,0.032,2.323,1.784,0.023,0.017,8.479,8.568,1.112,1.091,1.019,8.526,8.633,0.989,0.988,1.001,4.02,4.19,5.6,present ,23.74,30.3,
26/02/2026,01:00:00,0.312,-0.018,2.269,1.695,0.022,0.016,8.244,8.339,1.113,1.094,1.017,8.363,8.473,0.987,0.989,0.998,4.02,4.19,5.2,present ,23.74,30,
26/02/2026,01:30:00,0.33,0.002,2.299,1.732,0.022,0.017,7.838,7.952,1.114,1.094,1.018,8.04,8.156,0.988,0.988,1,4.02,4.19,4.6,present ,23.74,30.3,
26/02/2026,02:00:00,0.368,-0.05,2.365,1.641,0.023,0.016,7.449,7.555,1.114,1.092,1.02,7.603,7.722,0.989,0.993,0.997,4.02,4.19,4.1,present ,23.74,30.3,
26/02/2026,02:30:00,0.315,-0.007,2.273,1.715,0.022,0.017,7.165,7.27,1.116,1.097,1.017,7.302,7.422,0.991,0.992,0.999,4.02,4.19,3.8,present ,23.78,30.6,
26/02/2026,03:00:00,0.327,-0.069,2.294,1.607,0.022,0.016,6.827,6.946,1.113,1.094,1.018,6.998,7.123,0.988,0.993,0.996,4.02,4.19,3.4,present ,23.74,30.3,
26/02/2026,03:30:00,0.196,-0.044,2.067,1.65,0.02,0.016,6.284,6.41,1.113,1.102,1.01,6.504,6.634,0.99,0.993,0.997,4.02,4.19,2.5,present ,23.75,30.9,
26/02/2026,04:00:00,0.277,-0.071,2.207,1.605,0.022,0.016,5.772,5.905,1.113,1.097,1.015,5.969,6.104,0.992,0.997,0.996,4.02,4.19,1.8,present ,23.74,30.3,
26/02/2026,04:30:00,0.195,-0.042,2.066,1.654,0.02,0.016,5.237,5.372,1.117,1.106,1.01,5.441,5.579,0.992,0.995,0.997,4.02,4.19,1.2,present ,23.74,30.3,
26/02/2026,05:00:00,0.158,-0.107,2.003,1.542,0.02,0.015,4.799,4.936,1.121,1.112,1.008,4.966,5.107,0.995,1.002,0.994,4.02,4.19,0.8,present ,23.74,30.3,
26/02/2026,05:30:00,0.249,-0.007,2.16,1.715,0.021,0.017,4.536,4.655,1.121,1.105,1.013,4.656,4.789,0.998,0.999,0.999,4.02,4.19,1,present ,23.74,30.3,
26/02/2026,06:00:00,0.083,-0.139,1.872,1.487,0.018,0.014,4.263,4.39,1.121,1.116,1.004,4.355,4.494,0.997,1.006,0.992,4.02,4.19,0.9,present ,23.74,30.3,
26/02/2026,06:30:00,0.117,-0.137,1.93,1.49,0.019,0.014,4.167,4.273,1.12,1.113,1.006,4.21,4.339,0.999,1.007,0.992,4.02,4.19,0.9,present ,23.75,30.9,
26/02/2026,07:00:00,0.234,-0.075,2.134,1.598,0.021,0.015,4.074,4.178,1.124,1.109,1.013,4.115,4.24,0.999,1.004,0.995,4.02,4.19,0.9,present ,23.74,30.6,
26/02/2026,07:30:00,0.245,-0.107,2.152,1.542,0.021,0.015,3.933,4.033,1.126,1.111,1.013,3.966,4.091,1,1.007,0.994,4.02,4.19,0.9,present ,23.78,30.3,
26/02/2026,08:00:00,0.157,-0.09,1.999,1.572,0.019,0.015,4.116,4.199,1.127,1.118,1.008,4.035,4.156,1.004,1.01,0.994,4.02,4.19,1.5,present ,23.74,30.6,
26/02/2026,08:30:00,0.139,-0.111,1.968,1.536,0.019,0.015,4.92,4.961,1.133,1.124,1.007,4.552,4.661,1.009,1.016,0.993,4.02,4.19,3.9,present ,23.74,30.6,
26/02/2026,09:00:00,0.282,0.037,2.217,1.793,0.022,0.017,6.644,6.656,1.135,1.118,1.015,6.12,6.218,1.017,1.016,1.002,4.02,4.19,6.9,present ,23.74,30.6,
26/02/2026,09:30:00,1.667,0.896,4.61,3.277,0.046,0.032,9.016,8.929,1.176,1.072,1.097,8.59,8.652,1.037,0.988,1.051,4.02,4.2,10.8,present ,23.78,30.6,
26/02/2026,10:00:00,5.515,3.194,11.26,7.249,0.112,0.072,11.484,11.09,1.287,0.948,1.358,11.148,11.081,1.093,0.916,1.194,4.02,4.2,12.5,present ,23.78,30.9,
26/02/2026,10:30:00,13.318,8.738,24.747,16.831,0.247,0.168,14.605,13.307,1.389,0.662,2.095,13.962,13.406,1.222,0.754,1.624,4.02,4.2,15.4,present ,23.78,30.9,
26/02/2026,11:00:00,15.527,11.727,28.564,21.997,0.285,0.219,15.973,14.236,1.302,0.548,2.369,15.451,14.597,1.256,0.657,1.918,4.02,4.2,16.6,present ,23.78,30.9,
26/02/2026,11:30:00,15.48,11.49,28.482,21.586,0.284,0.215,16.603,14.845,1.304,0.551,2.363,16.142,15.273,1.253,0.664,1.893,4.02,4.2,17.6,present ,23.78,31.2,
26/02/2026,12:00:00,15.009,10.763,27.669,20.331,0.276,0.203,17.26,15.604,1.324,0.574,2.302,16.915,16.128,1.236,0.682,1.818,4.02,4.2,17.9,present ,23.78,30.9,
26/02/2026,12:30:00,14.685,10.336,27.108,19.592,0.271,0.195,17.847,16.294,1.338,0.591,2.261,17.524,16.793,1.224,0.692,1.775,4.02,4.2,18.2,present ,23.78,30,
26/02/2026,13:00:00,15.192,11.161,27.985,21.018,0.279,0.21,18.323,16.698,1.311,0.563,2.325,17.934,17.164,1.229,0.663,1.859,4.02,4.2,18.7,present ,23.79,31.5,
26/02/2026,13:30:00,15.125,11.24,27.869,21.154,0.278,0.211,18.436,16.815,1.312,0.565,2.317,17.966,17.195,1.234,0.663,1.867,4.02,4.2,18.6,present ,23.78,30.9,
26/02/2026,14:00:00,15.238,11.302,28.065,21.262,0.28,0.212,18.594,16.963,1.309,0.561,2.331,18.382,17.598,1.226,0.657,1.873,4.02,4.2,18.7,present ,23.82,30.6,
26/02/2026,14:30:00,15.243,11.226,28.074,21.131,0.28,0.211,18.383,16.725,1.307,0.56,2.332,17.791,16.943,1.225,0.659,1.865,4.02,4.2,19.1,present ,23.81,30.3,
26/02/2026,15:00:00,15.244,11.25,28.076,21.172,0.28,0.211,18.035,16.365,1.308,0.56,2.332,17.137,16.296,1.232,0.661,1.868,4.02,4.2,19.29,present ,23.82,31.2,
26/02/2026,15:30:00,14.973,10.739,27.607,20.289,0.276,0.202,17.816,16.191,1.32,0.574,2.297,16.759,15.944,1.225,0.677,1.816,4.02,4.2,19.6,present ,23.82,31.2,
26/02/2026,16:00:00,14.655,10.233,27.057,19.415,0.27,0.194,17.651,16.098,1.331,0.589,2.257,16.605,15.84,1.219,0.693,1.765,4.02,4.2,20.1,present ,23.82,31.2,
26/02/2026,16:30:00,13.87,9.264,25.701,17.74,0.257,0.177,17.485,16.058,1.35,0.624,2.161,16.58,15.88,1.2,0.719,1.673,4.02,4.2,20.1,present ,23.82,30.9,
26/02/2026,17:00:00,12.36,7.654,23.091,14.957,0.23,0.149,17.179,16.024,1.358,0.683,1.987,16.539,15.988,1.162,0.762,1.529,4.02,4.2,18.29,present ,23.82,30.9,
26/02/2026,17:30:00,10.004,5.827,19.019,11.8,0.19,0.118,16.48,15.64,1.336,0.767,1.743,16.16,15.767,1.117,0.81,1.382,4.02,4.2,15.3,present ,23.78,30.9,
26/02/2026,18:00:00,6.805,3.708,13.489,8.138,0.134,0.081,15.357,14.829,1.265,0.867,1.459,15.425,15.154,1.062,0.866,1.228,4.02,4.2,12.7,present ,23.78,30.6,
26/02/2026,18:30:00,6.037,3.324,12.162,7.473,0.121,0.074,14.307,13.859,1.258,0.9,1.398,14.356,14.135,1.06,0.882,1.202,4.02,4.2,11,present ,23.78,30.6,
26/02/2026,19:00:00,4.593,2.434,9.666,5.935,0.096,0.059,13.593,13.273,1.216,0.943,1.29,13.697,13.546,1.035,0.905,1.144,4.02,4.19,10.2,present ,23.78,30.9,
26/02/2026,19:30:00,4.074,2.161,8.769,5.464,0.087,0.054,12.663,12.418,1.207,0.963,1.254,12.801,12.699,1.032,0.916,1.127,4.02,4.2,8.6,present ,23.78,30.3,
26/02/2026,20:00:00,2.733,1.417,6.452,4.178,0.064,0.041,11.863,11.75,1.174,1.01,1.164,12.057,12.022,1.013,0.937,1.081,4.02,4.2,7.8,present ,23.75,30.9,
26/02/2026,20:30:00,3.566,1.883,7.892,4.983,0.078,0.049,11.475,11.294,1.205,0.989,1.219,11.537,11.486,1.03,0.928,1.11,4.02,4.19,7.9,present ,23.78,30.9,
26/02/2026,21:00:00,3.388,1.831,7.584,4.894,0.075,0.048,11.303,11.129,1.195,0.99,1.207,11.312,11.271,1.032,0.933,1.107,4.02,4.19,8.2,present ,23.75,30.9,
26/02/2026,21:30:00,4.227,2.274,9.035,5.658,0.09,0.056,11.256,11.025,1.225,0.969,1.264,11.177,11.122,1.047,0.924,1.134,4.02,4.19,8.5,present ,23.78,30.6,
26/02/2026,22:00:00,3.343,1.684,7.507,4.64,0.075,0.046,10.709,10.576,1.201,0.998,1.204,10.854,10.836,1.026,0.935,1.098,4.02,4.19,7.2,present ,23.78,30.6,
26/02/2026,22:30:00,3.371,1.808,7.554,4.853,0.075,0.048,10.516,10.355,1.204,0.999,1.205,10.473,10.453,1.034,0.936,1.105,4.02,4.2,7.4,present ,23.78,30.9,
26/02/2026,23:00:00,3.401,1.847,7.606,4.921,0.076,0.049,10.767,10.58,1.204,0.997,1.207,10.663,10.636,1.039,0.939,1.108,4.02,4.19,8.39,present ,23.78,30.6,
26/02/2026,23:30:00,3.591,1.922,7.935,5.05,0.079,0.05,10.897,10.712,1.205,0.988,1.22,10.914,10.88,1.037,0.933,1.112,4.02,4.2,8.3,present ,23.78,30.9,
27/02/2026,00:00:00,4.678,2.48,9.813,6.014,0.098,0.06,11.127,10.852,1.236,0.953,1.296,10.992,10.927,1.054,0.919,1.147,4.02,4.19,8.6,present ,23.75,30.9,
27/02/2026,00:30:00,3.148,1.538,7.169,4.387,0.071,0.043,10.444,10.322,1.188,0.998,1.191,10.679,10.667,1.021,0.938,1.089,4.02,4.19,6.9,present ,23.75,30.9,
27/02/2026,01:00:00,1.732,0.84,4.722,3.18,0.047,0.031,9.549,9.549,1.15,1.045,1.101,9.817,9.858,1.004,0.959,1.047,4.02,4.19,5.2,present ,23.74,30.3,
27/02/2026,01:30:00,1.9,0.99,5.012,3.439,0.05,0.034,8.951,8.915,1.174,1.057,1.111,9.036,9.079,1.014,0.961,1.056,4.02,4.19,5,present ,23.75,30.9,
27/02/2026,02:00:00,2.085,1.037,5.333,3.52,0.053,0.035,8.927,8.883,1.169,1.042,1.122,8.997,9.033,1.016,0.96,1.059,4.02,4.19,5.8,present ,23.78,30.6,
27/02/2026,02:30:00,3.119,1.593,7.12,4.481,0.071,0.044,9.267,9.12,1.208,1.016,1.189,9.059,9.063,1.042,0.954,1.092,4.02,4.19,7.1,present ,23.75,30.9,
27/02/2026,03:00:00,2.97,1.531,6.861,4.375,0.068,0.043,9.406,9.301,1.188,1.007,1.179,9.527,9.531,1.027,0.944,1.088,4.02,4.19,6.9,present ,23.75,30.9,
27/02/2026,03:30:00,2.559,1.276,6.151,3.933,0.061,0.039,8.655,8.591,1.18,1.024,1.152,8.899,8.925,1.02,0.951,1.073,4.02,4.19,4.8,present ,23.75,30.9,
27/02/2026,04:00:00,2.448,1.239,5.96,3.869,0.059,0.038,8.391,8.312,1.18,1.03,1.145,8.387,8.414,1.027,0.959,1.071,4.02,4.19,5,present ,23.78,30.6,
27/02/2026,04:30:00,1.412,0.693,4.17,2.927,0.041,0.029,7.848,7.866,1.147,1.061,1.081,8.051,8.113,1.007,0.97,1.039,4.02,4.19,4.19,present ,23.74,30.3,
27/02/2026,05:00:00,1.377,0.613,4.108,2.788,0.041,0.027,7.201,7.232,1.148,1.064,1.079,7.437,7.509,1.009,0.976,1.034,4.02,4.19,3.4,present ,23.75,31.2,
27/02/2026,05:30:00,1.702,0.767,4.669,3.054,0.046,0.03,6.855,6.849,1.163,1.058,1.099,6.936,7.001,1.015,0.973,1.043,4.02,4.19,3.2,present ,23.74,30.3,
27/02/2026,06:00:00,1.069,0.481,3.577,2.561,0.035,0.025,6.363,6.419,1.144,1.079,1.061,6.527,6.616,1.006,0.98,1.027,4.02,4.19,2.5,present ,23.74,30.6,
27/02/2026,06:30:00,0.768,0.313,3.055,2.269,0.03,0.022,5.837,5.92,1.136,1.088,1.043,6.009,6.116,1.002,0.985,1.017,4.02,4.19,2,present ,23.74,30.3,
27/02/2026,07:00:00,0.778,0.368,3.073,2.365,0.03,0.023,5.425,5.505,1.137,1.089,1.044,5.552,5.663,1.008,0.988,1.02,4.02,4.19,1.6,present ,23.74,30.3,
27/02/2026,07:30:00,0.641,0.227,2.836,2.12,0.028,0.021,5.231,5.316,1.136,1.097,1.036,5.261,5.377,1.006,0.994,1.012,4.02,4.19,1.7,present ,23.7,29.7,
27/02/2026,08:00:00,0.706,0.272,2.949,2.199,0.029,0.021,5.27,5.329,1.141,1.098,1.04,5.207,5.318,1.011,0.997,1.015,4.02,4.19,2.5,present ,23.74,30.3,
27/02/2026,08:30:00,2.944,1.656,6.817,4.591,0.068,0.045,6.179,6.022,1.221,1.037,1.177,5.708,5.735,1.059,0.967,1.096,4.02,4.19,5,present ,23.74,30.6,
27/02/2026,09:00:00,6.059,3.485,12.2,7.751,0.122,0.077,8.522,8.028,1.311,0.937,1.4,7.862,7.744,1.118,0.922,1.213,4.02,4.2,9.6,present ,23.78,30.9,
27/02/2026,09:30:00,13.236,8.703,24.604,16.771,0.246,0.167,11.333,10.074,1.408,0.675,2.086,10.657,10.131,1.235,0.764,1.621,4.02,4.2,12.9,present ,23.78,30.9,
27/02/2026,10:00:00,14.8,10.503,27.308,19.88,0.273,0.198,13.281,11.774,1.36,0.597,2.275,12.559,11.872,1.259,0.705,1.792,4.02,4.2,14.4,present ,23.78,30.9,
27/02/2026,10:30:00,15.115,11.228,27.853,21.134,0.278,0.211,14.584,12.998,1.337,0.576,2.315,14.041,13.289,1.26,0.678,1.865,4.02,4.19,15.3,present ,23.78,30.9,
27/02/2026,11:00:00,15.073,11.019,27.779,20.773,0.277,0.207,15.602,13.989,1.338,0.578,2.31,15.224,14.432,1.252,0.681,1.844,4.02,4.2,16.6,present ,23.78,31.2,
27/02/2026,11:30:00,15.332,11.848,28.226,22.206,0.282,0.222,16.911,15.135,1.309,0.557,2.343,16.387,15.512,1.265,0.657,1.931,4.02,4.2,18.79,present ,23.78,30.9,
27/02/2026,12:00:00,15.487,11.9,28.495,22.295,0.284,0.222,18.354,16.517,1.291,0.545,2.364,17.764,16.883,1.254,0.65,1.936,4.02,4.2,21,present ,23.82,30.9,
27/02/2026,12:30:00,15.219,11.4,28.032,21.431,0.28,0.214,19.287,17.517,1.297,0.556,2.329,18.705,17.855,1.237,0.659,1.883,4.02,4.2,21.4,present ,23.82,31.2,
27/02/2026,13:00:00,15.52,11.816,28.552,22.151,0.285,0.221,19.883,18.109,1.285,0.542,2.368,19.331,18.464,1.231,0.641,1.928,4.02,4.2,21.7,present ,23.82,31.2,
27/02/2026,13:30:00,15.167,11.309,27.942,21.274,0.279,0.212,20.155,18.421,1.299,0.558,2.322,19.459,18.607,1.233,0.66,1.874,4.02,4.2,21.9,present ,23.82,30.9,
27/02/2026,14:00:00,15.089,11.19,27.807,21.068,0.278,0.21,20.515,18.782,1.294,0.559,2.312,20.107,19.263,1.222,0.659,1.862,4.02,4.2,22.1,present ,23.82,30.6,
27/02/2026,14:30:00,15.154,11.216,27.919,21.114,0.279,0.211,20.369,18.597,1.292,0.556,2.32,19.622,18.7,1.219,0.656,1.864,4.02,4.2,22.4,present ,23.82,30.9,
27/02/2026,15:00:00,14.996,10.893,27.646,20.555,0.276,0.205,19.965,18.25,1.304,0.566,2.3,19.042,18.16,1.215,0.666,1.831,4.02,4.2,22.2,present ,23.82,30.9,
27/02/2026,15:30:00,14.731,10.482,27.188,19.845,0.271,0.198,19.683,18.019,1.316,0.58,2.266,18.648,17.804,1.212,0.679,1.79,4.02,4.2,22.3,present ,23.82,30.9,
27/02/2026,16:00:00,14.495,10.06,26.78,19.115,0.267,0.191,19.44,17.839,1.322,0.59,2.237,18.416,17.606,1.207,0.692,1.748,4.02,4.2,22.4,present ,23.82,30.9,
27/02/2026,16:30:00,13.768,9.177,25.523,17.589,0.255,0.175,19.156,17.696,1.341,0.623,2.148,18.269,17.534,1.19,0.717,1.665,4.02,4.2,21.8,present ,23.82,31.5,
27/02/2026,17:00:00,12.165,7.543,22.753,14.765,0.227,0.147,18.775,17.565,1.348,0.685,1.965,18.166,17.568,1.153,0.76,1.52,4.02,4.2,20.2,present ,23.82,30.6,
27/02/2026,17:30:00,9.846,5.671,18.745,11.53,0.187,0.115,17.941,17.043,1.32,0.764,1.728,17.694,17.244,1.103,0.807,1.37,4.02,4.2,17.4,present ,23.82,30.9,
27/02/2026,18:00:00,7.355,4.025,14.44,8.685,0.144,0.086,16.569,15.951,1.27,0.844,1.504,16.679,16.345,1.062,0.85,1.25,4.02,4.2,17.4,present ,23.82,30.6,
27/02/2026,18:30:00,5.68,3.049,11.546,6.998,0.115,0.069,15.128,14.698,1.234,0.9,1.371,15.366,15.128,1.04,0.879,1.184,4.02,4.2,11,present ,23.78,30.9,
27/02/2026,19:00:00,4.942,2.729,10.27,6.445,0.102,0.064,13.978,13.608,1.242,0.944,1.316,14.038,13.86,1.043,0.897,1.163,4.02,4.2,9.8,present ,23.78,30.6,
27/02/2026,19:30:00,5.189,2.844,10.697,6.644,0.106,0.066,14.391,13.991,1.244,0.933,1.334,14.105,13.943,1.06,0.907,1.171,4.02,4.2,12.5,present ,23.78,30.6,
27/02/2026,20:00:00,5.129,2.753,10.594,6.486,0.105,0.064,14.86,14.484,1.237,0.931,1.329,14.666,14.523,1.052,0.904,1.165,4.02,4.2,13.2,present ,23.78,30.6,
27/02/2026,20:30:00,4.89,2.617,10.18,6.251,0.101,0.062,15.162,14.824,1.231,0.938,1.312,15.023,14.901,1.044,0.904,1.156,4.02,4.2,13.2,present ,23.78,31.2,
27/02/2026,21:00:00,3.931,2.111,8.523,5.377,0.085,0.053,15.008,14.764,1.197,0.963,1.244,15.088,15.001,1.025,0.913,1.124,4.02,4.2,12.4,present ,23.78,30.3,
27/02/2026,21:30:00,3.769,1.985,8.243,5.16,0.082,0.051,14.599,14.387,1.204,0.977,1.232,14.673,14.603,1.024,0.918,1.116,4.02,4.2,11.5,present ,23.78,30.6,
27/02/2026,22:00:00,3.706,1.967,8.134,5.128,0.081,0.051,13.851,13.669,1.188,0.968,1.228,14.138,14.075,1.02,0.916,1.115,4.02,4.19,10.1,present ,23.78,30.6,
27/02/2026,22:30:00,3.472,1.849,7.729,4.924,0.077,0.049,13.394,13.183,1.197,0.987,1.212,13.339,13.276,1.029,0.93,1.108,4.02,4.19,10.3,present ,23.78,30.6,
27/02/2026,23:00:00,2.865,1.457,6.68,4.247,0.066,0.042,12.634,12.526,1.169,0.997,1.172,13.022,12.991,1.007,0.929,1.084,4.02,4.2,8.89,present ,23.78,30.6,
27/02/2026,23:30:00,2.448,1.168,5.96,3.748,0.059,0.037,11.404,11.349,1.163,1.015,1.145,11.8,11.8,1.003,0.941,1.067,4.02,4.19,6.4,present ,23.74,30.6,
28/02/2026,00:00:00,1.682,0.847,4.636,3.193,0.046,0.031,10.298,10.303,1.143,1.041,1.097,10.596,10.631,0.998,0.953,1.048,4.02,4.19,5,present ,23.74,30.3,
28/02/2026,00:30:00,1.532,0.691,4.376,2.923,0.043,0.029,9.363,9.392,1.143,1.05,1.088,9.569,9.63,1.001,0.964,1.039,4.02,4.19,4.3,present ,23.75,30.9,
28/02/2026,01:00:00,1.545,0.714,4.399,2.963,0.043,0.029,8.631,8.656,1.147,1.053,1.089,8.799,8.864,1.007,0.969,1.04,4.02,4.19,4.1,present ,23.75,31.2,
28/02/2026,01:30:00,2.177,1.076,5.491,3.588,0.054,0.035,8.367,8.323,1.169,1.037,1.128,8.32,8.373,1.024,0.965,1.061,4.02,4.19,5.1,present ,23.74,30.6,
28/02/2026,02:00:00,1.663,0.752,4.603,3.028,0.046,0.03,7.987,7.987,1.156,1.054,1.096,8.125,8.192,1.012,0.971,1.042,4.02,4.19,4.4,present ,23.74,30.6,
28/02/2026,02:30:00,2.861,1.512,6.673,4.341,0.066,0.043,8.393,8.252,1.199,1.023,1.172,8.087,8.105,1.044,0.961,1.087,4.02,4.19,6,present ,23.75,30.9,
28/02/2026,03:00:00,3.676,1.967,8.082,5.129,0.08,0.051,10.07,9.821,1.23,1.003,1.226,9.418,9.386,1.061,0.952,1.115,4.02,4.2,9.5,present ,23.78,30.9,
28/02/2026,03:30:00,4.46,2.331,9.437,5.757,0.094,0.057,11.236,10.94,1.242,0.97,1.281,10.841,10.77,1.057,0.93,1.138,4.02,4.2,10.1,present ,23.78,31.2,
28/02/2026,04:00:00,4.289,2.261,9.141,5.636,0.091,0.056,11.653,11.392,1.227,0.967,1.269,11.489,11.42,1.048,0.925,1.133,4.02,4.2,9.5,present ,23.75,30.9,
28/02/2026,04:30:00,3.372,1.75,7.556,4.754,0.075,0.047,11.633,11.464,1.198,0.994,1.206,11.604,11.568,1.031,0.936,1.102,4.02,4.2,8.89,present ,23.78,30.3,
28/02/2026,05:00:00,2.916,1.524,6.768,4.363,0.067,0.043,11.452,11.31,1.179,1.003,1.175,11.465,11.441,1.023,0.941,1.088,4.02,4.2,8.89,present ,23.78,30.3,
28/02/2026,05:30:00,3.273,1.699,7.385,4.665,0.073,0.046,11.294,11.126,1.196,0.998,1.199,11.254,11.223,1.031,0.939,1.099,4.02,4.2,8.2,present ,23.78,30.6,
28/02/2026,06:00:00,3.463,1.809,7.715,4.855,0.077,0.048,11.359,11.178,1.201,0.991,1.212,11.293,11.256,1.034,0.936,1.105,4.02,4.2,8.7,present ,23.78,30.6,
28/02/2026,06:30:00,3.887,2.08,8.447,5.324,0.084,0.053,11.463,11.241,1.216,0.98,1.241,11.35,11.296,1.043,0.93,1.122,4.02,4.2,8.7,present ,23.78,30.3,
28/02/2026,07:00:00,4.109,2.202,8.831,5.534,0.088,0.055,11.516,11.286,1.218,0.97,1.256,11.437,11.378,1.044,0.925,1.13,4.02,4.19,8.7,present ,23.74,30.3,
28/02/2026,07:30:00,4.655,2.554,9.774,6.143,0.097,0.061,11.58,11.299,1.238,0.956,1.295,11.454,11.375,1.055,0.916,1.152,4.02,4.2,9.1,present ,23.78,30,
28/02/2026,08:00:00,6.228,3.466,12.492,7.718,0.124,0.077,11.879,11.473,1.282,0.907,1.413,11.638,11.506,1.081,0.893,1.212,4.02,4.2,9.6,present ,23.74,30.6,
28/02/2026,08:30:00,9.086,5.382,17.432,11.03,0.174,0.11,12.368,11.703,1.356,0.818,1.656,11.98,11.74,1.133,0.842,1.348,4.02,4.19,10.4,present ,23.78,30.3,
28/02/2026,09:00:00,11.282,6.783,21.227,13.451,0.212,0.134,13.067,12.178,1.38,0.737,1.871,12.714,12.357,1.162,0.799,1.457,4.02,4.2,11,present ,23.78,30.9,
28/02/2026,09:30:00,12.344,7.587,23.063,14.841,0.23,0.148,13.656,12.63,1.379,0.694,1.985,13.173,12.753,1.182,0.777,1.524,4.02,4.2,11.8,present ,23.78,30.9,
28/02/2026,10:00:00,11.851,7.377,22.211,14.478,0.222,0.144,13.64,12.673,1.38,0.715,1.931,13.187,12.779,1.173,0.78,1.506,4.02,4.2,11.6,present ,23.78,30.6,
28/02/2026,10:30:00,12.342,7.772,23.059,15.161,0.23,0.151,14.078,13.031,1.384,0.697,1.985,13.463,13.024,1.187,0.773,1.54,4.02,4.2,12.3,present ,23.78,30.6,
28/02/2026,11:00:00,12.19,7.576,22.796,14.822,0.227,0.148,14.125,13.124,1.378,0.7,1.968,13.66,13.235,1.175,0.773,1.523,4.02,4.2,12.3,present ,23.78,30.6,
28/02/2026,11:30:00,11.645,7.066,21.855,13.941,0.218,0.139,14.096,13.152,1.37,0.718,1.909,13.629,13.23,1.163,0.787,1.48,4.02,4.2,12.2,present ,23.78,30.6,
28/02/2026,12:00:00,10.493,6.257,19.864,12.542,0.198,0.125,13.84,13.025,1.361,0.76,1.791,13.482,13.142,1.144,0.81,1.415,4.02,4.2,11.7,present ,23.78,30.6,
28/02/2026,12:30:00,10.648,6.393,20.132,12.778,0.201,0.127,13.867,13.029,1.365,0.755,1.806,13.421,13.081,1.149,0.808,1.426,4.02,4.19,11.9,present ,23.78,31.2,
28/02/2026,13:00:00,11.219,6.768,21.118,13.426,0.211,0.134,14.037,13.141,1.372,0.736,1.865,13.55,13.184,1.159,0.798,1.456,4.02,4.2,12,present ,23.78,30.9,
28/02/2026,13:30:00,11.483,7.033,21.575,13.884,0.215,0.138,13.894,12.987,1.376,0.727,1.892,13.495,13.124,1.162,0.788,1.478,4.02,4.2,11.6,present ,23.78,30.6,
28/02/2026,14:00:00,11.12,6.655,20.948,13.23,0.209,0.132,13.773,12.911,1.366,0.737,1.854,13.407,13.054,1.152,0.798,1.447,4.02,4.2,11.6,present ,23.78,30.6,
28/02/2026,14:30:00,10.302,6.082,19.534,12.24,0.195,0.122,13.412,12.647,1.359,0.767,1.772,13.142,12.834,1.139,0.814,1.402,4.02,4.2,10.7,present ,23.78,30.9,
28/02/2026,15:00:00,9.158,5.262,17.557,10.823,0.175,0.108,13.088,12.435,1.337,0.804,1.663,12.886,12.629,1.118,0.836,1.339,4.02,4.19,10.4,present ,23.78,30.6,
28/02/2026,15:30:00,8.329,4.738,16.123,9.917,0.161,0.099,12.756,12.183,1.322,0.833,1.588,12.601,12.382,1.106,0.852,1.301,4.02,4.19,9.8,present ,23.78,30.6,
28/02/2026,16:00:00,8.072,4.63,15.679,9.732,0.156,0.097,12.408,11.871,1.318,0.842,1.565,12.282,12.084,1.104,0.855,1.293,4.02,4.2,9.3,present ,23.78,30.6,
28/02/2026,16:30:00,8.1,4.627,15.727,9.726,0.157,0.097,12.135,11.605,1.32,0.842,1.568,11.995,11.805,1.105,0.856,1.293,4.02,4.19,8.89,present ,23.78,30.9,
28/02/2026,17:00:00,6.916,3.836,13.681,8.359,0.136,0.083,11.772,11.343,1.294,0.881,1.468,11.699,11.556,1.087,0.88,1.237,4.02,4.2,8.5,present ,23.74,30.6,
28/02/2026,17:30:00,6.183,3.513,12.415,7.801,0.124,0.078,11.494,11.121,1.276,0.906,1.409,11.421,11.303,1.078,0.888,1.215,4.02,4.19,8.3,present ,23.78,30.6,
28/02/2026,18:00:00,6.56,3.714,13.066,8.147,0.13,0.081,11.341,10.942,1.286,0.893,1.439,11.244,11.117,1.085,0.884,1.229,4.02,4.2,8.39,present ,23.78,30.3,
28/02/2026,18:30:00,6.599,3.708,13.134,8.137,0.131,0.081,11.144,10.739,1.287,0.892,1.442,11.054,10.929,1.084,0.883,1.228,4.02,4.19,8,present ,23.78,30.6,
28/02/2026,19:00:00,6.24,3.502,12.514,7.781,0.125,0.077,10.983,10.61,1.28,0.905,1.414,10.886,10.778,1.081,0.891,1.214,4.02,4.19,8,present ,23.74,30.6,
28/02/2026,19:30:00,6.073,3.397,12.225,7.6,0.122,0.076,10.896,10.533,1.276,0.911,1.401,10.775,10.671,1.077,0.893,1.207,4.02,4.19,7.8,present ,23.78,30.6,
28/02/2026,20:00:00,6.146,3.389,12.351,7.585,0.123,0.075,10.837,10.473,1.277,0.908,1.407,10.724,10.621,1.08,0.896,1.207,4.02,4.19,7.8,present ,23.75,31.2,
28/02/2026,20:30:00,5.94,3.262,11.995,7.366,0.119,0.073,10.753,10.405,1.272,0.915,1.391,10.644,10.549,1.074,0.897,1.198,4.02,4.19,7.9,present ,23.78,30.3,
28/02/2026,21:00:00,5.353,2.918,10.981,6.771,0.109,0.067,10.662,10.363,1.256,0.933,1.346,10.573,10.499,1.065,0.907,1.176,4.02,4.19,7.8,present ,23.78,30.6,
28/02/2026,21:30:00,5.187,2.853,10.693,6.66,0.106,0.066,10.573,10.286,1.251,0.939,1.334,10.492,10.422,1.065,0.91,1.171,4.02,4.19,7.6,present ,23.78,30.6,
28/02/2026,22:00:00,4.892,2.673,10.184,6.349,0.101,0.063,10.462,10.202,1.244,0.948,1.312,10.404,10.347,1.06,0.915,1.16,4.02,4.19,7.5,present ,23.78,30.9,
28/02/2026,22:30:00,4.859,2.612,10.127,6.243,0.101,0.062,10.311,10.05,1.244,0.95,1.309,10.25,10.193,1.059,0.917,1.156,4.02,4.19,7.3,present ,23.78,30.9,
28/02/2026,23:00:00,4.365,2.315,9.273,5.73,0.092,0.057,10.126,9.909,1.229,0.965,1.274,10.107,10.069,1.049,0.924,1.137,4.02,4.19,7,present ,23.78,30.6,
28/02/2026,23:30:00,3.423,1.715,7.645,4.692,0.076,0.046,9.892,9.746,1.202,0.994,1.209,9.915,9.908,1.032,0.939,1.099,4.02,4.19,6.9,present ,23.78,30.9,
01/03/2026,00:00:00,3.205,1.679,7.268,4.631,0.072,0.046,9.646,9.52,1.199,1.003,1.194,9.659,9.664,1.035,0.944,1.097,4.02,4.19,6.6,present ,23.75,31.2,
01/03/2026,00:30:00,2.941,1.548,6.812,4.404,0.068,0.044,9.457,9.35,1.192,1.012,1.177,9.46,9.475,1.03,0.946,1.089,4.02,4.2,6.6,present ,23.78,30.6,
01/03/2026,01:00:00,2.472,1.205,6.001,3.812,0.06,0.038,9.352,9.281,1.177,1.026,1.147,9.336,9.37,1.023,0.957,1.069,4.02,4.19,6.5,present ,23.74,30.6,
01/03/2026,01:30:00,1.597,0.706,4.489,2.949,0.044,0.029,9.162,9.161,1.153,1.055,1.092,9.208,9.275,1.009,0.971,1.04,4.02,4.19,6.4,present ,23.78,30.3,
01/03/2026,02:00:00,0.901,0.329,3.285,2.298,0.032,0.022,9.063,9.109,1.132,1.077,1.051,9.095,9.183,0.999,0.982,1.018,4.02,4.19,6.2,present ,23.75,30.9,
01/03/2026,02:30:00,1.149,0.449,3.714,2.505,0.037,0.025,8.902,8.944,1.138,1.068,1.065,8.948,9.032,1.001,0.977,1.025,4.02,4.19,6,present ,23.74,30.3,
01/03/2026,03:00:00,1.666,0.814,4.608,3.135,0.046,0.031,8.819,8.82,1.156,1.054,1.097,8.845,8.911,1.013,0.969,1.046,4.02,4.19,5.9,present ,23.75,30.9,
01/03/2026,03:30:00,1.4,0.702,4.149,2.942,0.041,0.029,8.656,8.671,1.144,1.059,1.08,8.747,8.818,1.008,0.97,1.039,4.02,4.19,5.8,present ,23.74,30.3,
01/03/2026,04:00:00,2.246,1.107,5.61,3.641,0.056,0.036,8.457,8.416,1.175,1.037,1.132,8.487,8.536,1.019,0.959,1.063,4.02,4.19,5.3,present ,23.78,30.6,
01/03/2026,04:30:00,2.737,1.447,6.459,4.23,0.064,0.042,8.39,8.304,1.19,1.022,1.164,8.386,8.415,1.03,0.952,1.083,4.02,4.19,5.4,present ,23.74,30.6,
01/03/2026,05:00:00,2.714,1.41,6.419,4.165,0.064,0.041,8.215,8.137,1.187,1.021,1.162,8.238,8.272,1.031,0.954,1.081,4.02,4.19,5.3,present ,23.78,30.9,
01/03/2026,05:30:00,3.297,1.761,7.427,4.771,0.074,0.047,8.13,8.016,1.206,1.004,1.201,8.144,8.163,1.042,0.946,1.102,4.02,4.19,5.4,present ,23.74,30.6,
01/03/2026,06:00:00,3.513,1.844,7.801,4.916,0.078,0.049,7.91,7.78,1.21,0.996,1.215,7.962,7.974,1.042,0.942,1.107,4.02,4.19,4.69,present ,23.74,30.6,
01/03/2026,06:30:00,3.8,1.985,8.295,5.159,0.082,0.051,7.768,7.617,1.224,0.991,1.235,7.768,7.772,1.048,0.94,1.116,4.02,4.19,4.6,present ,23.75,30.9,
01/03/2026,07:00:00,3.699,1.974,8.122,5.141,0.081,0.051,7.688,7.54,1.218,0.992,1.228,7.693,7.698,1.05,0.942,1.115,4.02,4.19,4.6,present ,23.74,30.6,
01/03/2026,07:30:00,4.265,2.233,9.099,5.589,0.09,0.055,7.645,7.455,1.238,0.977,1.267,7.625,7.612,1.057,0.935,1.132,4.02,4.19,4.6,present ,23.78,30.6,
01/03/2026,08:00:00,4.489,2.418,9.486,5.908,0.094,0.059,7.692,7.473,1.244,0.969,1.283,7.626,7.602,1.063,0.931,1.143,4.02,4.19,4.8,present ,23.78,30.6,
01/03/2026,08:30:00,2.996,1.542,6.907,4.394,0.069,0.043,7.64,7.511,1.205,1.02,1.181,7.636,7.657,1.04,0.956,1.089,4.02,4.19,5,present ,23.78,30.9,
01/03/2026,09:00:00,2.745,1.416,6.472,4.176,0.064,0.041,7.938,7.831,1.194,1.025,1.164,7.915,7.942,1.036,0.958,1.081,4.02,4.19,5.5,present ,23.78,30.6,
01/03/2026,09:30:00,6.753,4.008,13.4,8.655,0.134,0.086,9.463,8.99,1.316,0.905,1.455,8.972,8.869,1.121,0.899,1.249,4.02,4.19,9.2,present ,23.78,31.2,
01/03/2026,10:00:00,11.996,7.639,22.462,14.932,0.224,0.149,11.336,10.368,1.402,0.72,1.947,11.204,10.859,1.2,0.787,1.528,4.02,4.2,10.5,present ,23.78,31.2,
01/03/2026,10:30:00,14.26,10.1,26.374,19.185,0.263,0.191,12.834,11.517,1.376,0.622,2.208,12.678,12.093,1.247,0.714,1.752,4.02,4.2,11.8,present ,23.78,30.6,
01/03/2026,11:00:00,14.584,10.523,26.933,19.915,0.269,0.199,13.79,12.384,1.348,0.599,2.248,13.809,13.151,1.249,0.698,1.794,4.02,4.2,12.9,present ,23.78,30.9,
01/03/2026,11:30:00,14.631,10.409,27.015,19.719,0.27,0.197,14.668,13.259,1.349,0.598,2.254,14.752,14.11,1.242,0.699,1.783,4.02,4.2,13.9,present ,23.78,30.6,
01/03/2026,12:00:00,14.518,10.186,26.821,19.333,0.268,0.193,15.343,13.978,1.347,0.6,2.24,15.517,14.936,1.232,0.702,1.761,4.02,4.2,13.9,present ,23.78,30.6,
01/03/2026,12:30:00,13.881,9.204,25.719,17.636,0.257,0.176,15.087,13.882,1.362,0.63,2.162,15.27,14.705,1.203,0.723,1.667,4.02,4.19,13.1,present ,23.82,30.9,
01/03/2026,13:00:00,14.62,10.712,26.997,20.241,0.269,0.202,15.607,14.221,1.348,0.598,2.252,15.356,14.727,1.242,0.687,1.813,4.02,4.2,15.1,present ,23.78,30.9,
01/03/2026,13:30:00,14.976,11.194,27.612,21.075,0.276,0.21,16.174,14.705,1.337,0.581,2.298,15.916,15.251,1.245,0.671,1.862,4.02,4.2,16.4,present ,23.78,30.9,
01/03/2026,14:00:00,15.113,11.145,27.848,20.991,0.278,0.209,16.823,15.32,1.324,0.571,2.315,16.661,16.012,1.236,0.668,1.857,4.02,4.2,16.79,present ,23.78,30.6,
01/03/2026,14:30:00,14.957,10.781,27.579,20.362,0.275,0.203,16.832,15.338,1.328,0.578,2.295,16.364,15.643,1.224,0.675,1.82,4.02,4.2,16.7,present ,23.78,30.9,
01/03/2026,15:00:00,14.574,10.235,26.917,19.417,0.269,0.194,16.252,14.82,1.344,0.597,2.247,15.648,14.968,1.219,0.692,1.765,4.02,4.2,15.8,present ,23.78,31.2,
01/03/2026,15:30:00,14.262,9.973,26.378,18.966,0.263,0.189,15.704,14.321,1.354,0.612,2.208,15.048,14.41,1.217,0.702,1.74,4.02,4.2,15.3,present ,23.78,30.9,
01/03/2026,16:00:00,14.251,9.805,26.359,18.675,0.263,0.186,15.492,14.131,1.357,0.614,2.207,14.75,14.131,1.219,0.709,1.724,4.02,4.2,16.5,present ,23.78,30.6,
01/03/2026,16:30:00,13.725,9.105,25.45,17.465,0.254,0.174,15.27,14.007,1.368,0.638,2.143,14.591,14.01,1.204,0.728,1.658,4.02,4.2,16.79,present ,23.78,30.9,
01/03/2026,17:00:00,12.175,7.579,22.771,14.827,0.227,0.148,14.906,13.906,1.368,0.695,1.966,14.488,14.06,1.169,0.769,1.523,4.02,4.2,14.9,present ,23.78,30.6,
01/03/2026,17:30:00,9.368,5.415,17.919,11.087,0.179,0.11,14.127,13.46,1.33,0.791,1.682,14.043,13.775,1.114,0.827,1.351,4.02,4.2,11.9,present ,23.78,30.9,
01/03/2026,18:00:00,7.74,4.409,15.105,9.349,0.151,0.093,13.205,12.694,1.299,0.846,1.537,13.221,13.017,1.092,0.856,1.277,4.02,4.19,9.8,present ,23.78,30.6,
01/03/2026,18:30:00,5.546,3.051,11.314,7.001,0.113,0.07,12.129,11.81,1.247,0.916,1.36,12.301,12.176,1.054,0.891,1.184,4.02,4.19,9.7,present ,23.78,30.3,
01/03/2026,19:00:00,4.999,2.809,10.368,6.583,0.103,0.065,11.491,11.205,1.245,0.943,1.32,11.516,11.425,1.055,0.904,1.168,4.02,4.2,7.7,present ,23.78,30.9,
01/03/2026,19:30:00,5.03,2.75,10.421,6.481,0.104,0.064,11.296,11.009,1.242,0.94,1.322,11.258,11.176,1.058,0.909,1.165,4.02,4.2,8.1,present ,23.78,30.6,
01/03/2026,20:00:00,5.005,2.739,10.378,6.462,0.103,0.064,11.078,10.803,1.245,0.943,1.32,11.047,10.977,1.06,0.912,1.164,4.02,4.19,7.7,present ,23.78,30.9,
01/03/2026,20:30:00,4.411,2.358,9.353,5.803,0.093,0.058,10.818,10.593,1.226,0.96,1.277,10.836,10.789,1.044,0.917,1.139,4.02,4.19,7.8,present ,23.78,30.6,
01/03/2026,21:00:00,4.039,2.161,8.709,5.463,0.087,0.054,10.525,10.337,1.218,0.974,1.251,10.537,10.507,1.044,0.927,1.127,4.02,4.2,7.1,present ,23.78,30.3,
01/03/2026,21:30:00,3.707,1.998,8.136,5.182,0.081,0.051,10.226,10.066,1.207,0.983,1.228,10.279,10.261,1.039,0.931,1.117,4.02,4.19,6.7,present ,23.75,30.9,
01/03/2026,22:00:00,3.351,1.779,7.52,4.803,0.075,0.048,9.733,9.607,1.202,0.998,1.204,9.826,9.824,1.036,0.939,1.103,4.02,4.19,6.1,present ,23.78,30.9,
01/03/2026,22:30:00,3.203,1.684,7.264,4.64,0.072,0.046,9.503,9.382,1.196,1.002,1.194,9.536,9.539,1.034,0.942,1.098,4.02,4.19,6.1,present ,23.78,30.3,
01/03/2026,23:00:00,2.937,1.482,6.805,4.29,0.068,0.042,8.869,8.797,1.184,1.006,1.177,9.082,9.102,1.025,0.945,1.085,4.02,4.19,4.9,present ,23.78,30.3,
01/03/2026,23:30:00,2.914,1.556,6.765,4.419,0.067,0.044,8.399,8.294,1.191,1.013,1.175,8.43,8.446,1.034,0.949,1.09,4.02,4.19,4.5,present ,23.75,30.9,
